claim_id,system,status,payable_amount,expected_status,expected_payout,passed,latency_seconds,total_tokens,cost_dollars,details
CLM-2024-10001,workflow,COVERED,1700.0,COVERED,1700.0,True,1.554,927,0.000706,"['step1_get_claim', 'step2_extract_peril', 'step3_skip_search_clean_peril', 'step3_determine_coverage', 'step4_compute_payout']"
CLM-2024-10001,agent,COVERED,1700.0,COVERED,1700.0,True,14.457,7028,0.004519,"laps=5, tools=get_claim,search_policy_exclusions,search_policy_exclusions,compute_payout"
CLM-2024-10002,workflow,DENIED,0.0,DENIED,0.0,True,53.118,1438,0.001078,"['step1_get_claim', 'step2_extract_peril', 'step3_search_policy_exclusions', 'step3_determine_coverage', 'step4_compute_payout']"
CLM-2024-10002,agent,DENIED,0.0,DENIED,0.0,True,2.274,4545,0.002914,"laps=4, tools=get_claim,search_policy_exclusions,compute_payout"
CLM-2024-10003,workflow,COVERED,7500.0,COVERED,7500.0,True,1.518,1093,0.000908,"['step1_get_claim', 'step2_extract_peril', 'step3_skip_search_clean_peril', 'step3_determine_coverage', 'step4_compute_payout']"
CLM-2024-10003,agent,COVERED,7500.0,COVERED,7500.0,True,16.033,4832,0.003098,"laps=4, tools=get_claim,search_policy_exclusions,compute_payout"
CLM-2024-10004,workflow,COVERED,5000.0,COVERED,5000.0,True,7.791,1068,0.000872,"['step1_get_claim', 'step2_extract_peril', 'step3_skip_search_clean_peril', 'step3_determine_coverage', 'step4_compute_payout']"
CLM-2024-10004,agent,COVERED,5000.0,COVERED,5000.0,True,48.38,7629,0.004855,"laps=6, tools=get_claim,search_policy_exclusions,search_policy_exclusions,search_policy_exclusions,compute_payout"
CLM-2024-10005,workflow,DENIED,0.0,DENIED,0.0,True,7.408,1746,0.001408,"['step1_get_claim', 'step2_extract_peril', 'step3_search_policy_exclusions', 'step3_determine_coverage', 'step4_compute_payout']"
CLM-2024-10005,agent,DENIED,0.0,DENIED,0.0,True,51.592,7202,0.004615,"laps=5, tools=get_claim,search_policy_exclusions,search_policy_exclusions,compute_payout"
CLM-2024-10006,workflow,COVERED,3700.0,COVERED,3700.0,True,2.238,909,0.000691,"['step1_get_claim', 'step2_extract_peril', 'step3_skip_search_clean_peril', 'step3_determine_coverage', 'step4_compute_payout']"
CLM-2024-10006,agent,COVERED,3700.0,COVERED,3700.0,True,48.332,7334,0.004753,"laps=5, tools=get_claim,search_policy_exclusions,search_policy_exclusions,compute_payout"
CLM-2024-10007,workflow,DENIED,0.0,DENIED,0.0,True,5.384,1420,0.001029,"['step1_get_claim', 'step2_extract_peril', 'step3_search_policy_exclusions', 'step3_determine_coverage', 'step4_compute_payout']"
CLM-2024-10007,agent,DENIED,0.0,DENIED,0.0,True,43.253,7211,0.004586,"laps=5, tools=get_claim,search_policy_exclusions,search_policy_exclusions,compute_payout"
CLM-2024-10008,workflow,DENIED,0.0,DENIED,0.0,True,10.538,1470,0.001144,"['step1_get_claim', 'step2_extract_peril', 'step3_search_policy_exclusions', 'step3_determine_coverage', 'step4_compute_payout']"
CLM-2024-10008,agent,DENIED,0.0,DENIED,0.0,True,24.938,4467,0.002845,"laps=4, tools=get_claim,search_policy_exclusions,compute_payout"
CLM-2024-10009,workflow,COVERED,0.0,COVERED,0.0,True,6.962,1181,0.001014,"['step1_get_claim', 'step2_extract_peril', 'step3_skip_search_clean_peril', 'step3_determine_coverage', 'step4_compute_payout']"
CLM-2024-10009,agent,DENIED,0.0,COVERED,0.0,False,18.627,2780,0.001848,"laps=3, tools=get_claim,compute_payout"
CLM-2024-10010,workflow,DENIED,0.0,DENIED,0.0,True,11.209,1635,0.001329,"['step1_get_claim', 'step2_extract_peril', 'step3_search_policy_exclusions', 'step3_determine_coverage', 'step4_compute_payout']"
CLM-2024-10010,agent,DENIED,0.0,DENIED,0.0,True,28.265,4668,0.003065,"laps=4, tools=get_claim,search_policy_exclusions,compute_payout"
